{
  "w_sem": 0.201226,
  "w_skill": 0.51048,
  "w_prog": 0.144147,
  "w_hist": 0.096098,
  "w_seniority": 0.04805
}