{
  "w_sem": 0.1,
  "w_skill": 0.699997,
  "w_prog": 0.1,
  "w_hist": 0.066671,
  "w_seniority": 0.033334
}